Add Stops,
(,
),
*,
/,
α,
Α,
ἀ,
ἂ,
ἆ,
ά,
ὰ,
ᾰ,
β,
Β,
γ,
Γ,
δ,
Δ,
ε,
Ε,
ἐ,
ἕ,
ϝ,
ζ,
Ζ,
Η,
η,
ἠ,
ἦ,
ἧ,
ᾗ,
ὴ,
ῇ,
ῃ,
θ,
ι,
Ι,
ί,
ῐ,
Κ,
κ,
λ,
μ,
ν,
Ν,
ξ,
ο,
Ο,
ὀ,
ό,
ὸ,
π,
ρ,
ς,
Σ,
τ,
Τ,
υ,
ὒ,
φ,
Φ,
χ,
ψ,
ω,
ὠ,
ὡ,
’’,
**,
αι,
αἴ,
αν,
ἀν,
ἀπ,
ας,
ατ,
αυ,
αὐ,
αὖ,
αὑ,
ἀφ,
αχ,
αψ,
ἄψ,
ἄω,
β’,
βς,
βφ,
βω,
δε,
ΔΕ,
δι,
Δἴ,
ε’,
ἔα,
ει,
εὶ,
ἐι,
ἑκ,
εν,
ΕΝ,
ἑν,
ἕξ,
Ἐπ,
ἐπ,
ες,
ετ,
εὖ,
ἐφ,
ἐχ,
ζ’,
η’,
ἠέ,
ην,
ὴν,
Ηρ,
ης,
ῆς,
ἠὼ,
ια,
ιᾰ,
ἰά,
ἴα,
ιγ,
ιδ,
ἵε,
ιη,
ἰή,
ιν,
ις,
ἴς,
Ἰώ,
ἰώ,
κυ,
Κῷ,
λ’,
λα,
λβ,
μά,
μη,
ν’,
να,
νή,
νι,
οι,
οἰ,
ον,
ὸν,
ος,
ου,
οῦ,
ὄψ,
πε,
πη,
πῖ,
πο,
πω,
Ῥω,
Ῥῶ,
σα,
σι,
συ,
σω,
τα,
τῆ,
τῃ,
το,
τω,
Ὕη,
Ὑί,
ῦν,
ὑπ,
υς,
ὗς,
ὕω,
φη,
ᾤα,
Ωγ,
ων,
ῶν,
Ωρ,
ως,
Ως,
ὠς,
Ων,
ὤψ,
’’’,
’δἒ,
’εν,
’ην,
ἀπο,
ΑΠΟ,
γαπ,
γαρ,
δια,
διό,
δίς,
εἶτ,
ἐπι,
εσξ,
ιβ’,
ιγ’,
ιδ’,
ἰδέ,
ιε’,
ιζ’,
ιη’,
ἵνα,
ις’,
κἁ’,
καθ,
ΚΑΙ,
και,
κἀν,
κάν,
Κάρ,
κατ,
κζ’,
μεν,
νῦν,
ὅτε,
οτι,
ότι,
οὐδ,
οὐν,
οῦν,
οὖς,
οὺς,
οὔτ,
ται,
τᾶν,
τας,
ταῦ,
την,
τῆν,
ΤΗΣ,
τοι,
τον,
τος,
τὸς,
των,
ΤΩΝ,
τώς,
τῶς,
’απὸ,
’επὶ,
’ετι,
αβγδ,
αὐτὸς,
αὐτός,
γε,
γὰρ,
γάρ,
δ',
δα',
δαὶς,
δαί,
δαίς,
διὰ,
διά,
δὲ,
δέ,
δὴ,
δή,
εἰ,
εἰμὶ,
εἰμί,
εἰς,
εἰς,
κατὰ,
κατά,
καὶ,
καί,
μετὰ,
μετά,
μὲν,
μέν,
μὴ,
μή,
οἱ,
οὐ,
οὐδεὶς,
οὐδείς,
οὐδὲ,
οὐδέ,
οὐκ,
οὔτε,
οὕτως,
οὖν,
οὗτος,
παρὰ,
παρά,
περὶ,
περί,
πρὸς,
πρός,
σὸς,
σός,
σὺ,
σὺν,
σύ,
σύν,
τε,
τι,
τις,
τοιοῦτος,
τοὶ,
τοί,
τοὺς,
τούς,
τοῦ,
τὰ,
τά,
τὴν,
τήν,
τὶ,
τὶς,
τί,
τίς,
τὸ,
τὸν,
τό,
τόν,
τῆς,
τῇ,
τῶν,
τῷ,
ἀλλ',
ἀλλὰ,
ἀλλά,
ἀπὸ,
ἂν,
ἄλλος,
ἄν,
ἄρα,
ἐγὼ,
ἐγώ,
ἐκ,
ἐξ,
ἐμὸς,
ἐμός,
ἐν,
ἐπὶ,
ἐπί,
ἐὰν,
ἐάν,
ἑαυτοῦ,
ἔτι,
ἡ,
ἢ,
ἤ,
ὁ,
ὃδε,
ὃς,
ὅδε,
ὅς,
ὅστις,
ὅτι,
ὑμὸς,
ὑμός,
ὑπὲρ,
ὑπέρ,
ὑπὸ,
ὑπό,
ὡς,
ὥστε,
ὦ,
ξύν,
ξὺν,
σύν,
σὺν,
τοῖς,
τᾶ,